x [um],y [um],Vmem [mV]
5.808884296748563258e+01,5.001956351869723250e+01,-6.531448710068029584e+01
5.424800727180779347e+01,5.670720949773779296e+01,-6.528134138116598706e+01
4.643056811208539614e+01,5.674543847006088981e+01,-6.528052104191561966e+01
4.240951997620567226e+01,5.014838408363363698e+01,-6.531409564369954523e+01
4.625308289856107535e+01,4.347712252121100107e+01,-6.527708800724393257e+01
5.411496673011874492e+01,4.338653092859780713e+01,-6.527462293721094966e+01
5.026584706608991127e+01,4.999519797831555223e+01,-5.777854499231901997e+01
